1|mthomas|Mark|Thomas|mthomas@example.com|mt12@example.com|+4411860297701
2|mithomas|Michael|Thomas|mithomas@example.com|mit@example.com|+4411860297702
3|mtwain|Mark|Twain|mtwain@example.com|mtw@example.com|+4411860297703
4|thardy|Thomas|Hardy|thardy@example.com|th@example.com|+4411860297704
5|wbryson|William|Bryson|wbryson@example.com|bb@example.com|+4411860297705
6|wbrad|William|Bradford|wbrad@example.com|wb@example.com|+4411860297706
7|eharris|Ed|Harris|eharris@example.com|eh@example.com|+4411860297707
8|tcook|Thomas|Cook|tcook@example.com|tk@example.com|+4411860297708
9|arobert|Adam|Robert|arobert@example.com|ar@example.com|+4411860297709
10|jjames|Jacob|James|jjames@example.com|jj@example.com|+4411860297710